,Manufacturer,Model,Application(s),Power,SFC,Airflow,OPR,Number,LPC,HPC,HPT,IPT,LPT,Length,Diameter,Weight
0,Allison,250-B17C,"Cessna 402/414, Nomad N-22/-24,  BN-2T, P68TP, A36, GZ22, AT-35",313.194,0.3996382438120626,4.0,7.2,1 + FT,,6 + 1C,2.0,,2.0,1.1404599999999998,0.5715,89.811216
1,Allison,250-B17D,"SF260TP, KM2D, HTT34, CT-4C",313.194,0.3996382438120626,4.0,7.2,1 + FT,,6 + 1C,2.0,,2.0,1.1404599999999998,0.5715,91.625584
2,Allison,250-B17E,Nomad N-22/-24,313.194,0.3996382438120626,4.0,7.2,1 + FT,,6 + 1C,2.0,,2.0,1.1404599999999998,0.5715,91.625584
3,Allison,250-B17F,"AT-34, Grob 140TP",335.565,0.371049206583498,4.0,7.9,1 + FT,,4 + 1C,2.0,,2.0,1.1404599999999998,0.5715,96.161504
4,Allison,250-C20B,"Bell 47G, Bell 206B-1/B-3,  AB206B, MD500D/E, A109A, BO105CBS/CBS-4/CBS-5, RH-1100, UH-12E, KA226",313.194,0.39538030209717,4.0,7.2,1 + FT,,6 + 1C,2.0,,2.0,0.9855199999999998,0.5892799999999999,73.028312
5,Allison,250-C20F,AS355E/F1/F2,313.194,0.39538030209717,4.0,7.2,1 + FT,,6 + 1C,2.0,,2.0,0.9855199999999998,0.5892799999999999,73.028312
6,Allison,250-C20J,Bell 206B-3/L,313.194,0.39538030209717,4.0,7.2,1 + FT,,6 + 1C,2.0,,2.0,0.9855199999999998,0.5892799999999999,73.028312
7,Allison,250-C20R,"Bell 206LT, Gemini ST, Bell 400/440 (not produced)",335.565,0.3698326518078144,,7.9,1 + FT,,4 + 1C,2.0,,2.0,0.9855199999999998,0.5892799999999999,78.471416
8,Allison,250-C20R/1,"A109A Mk.2, A109C/C Max, Gemini  ST",335.565,0.3698326518078144,,7.9,1 + FT,,4 + 1C,2.0,,2.0,0.9855199999999998,0.5892799999999999,78.471416
9,Allison,250-C20R/2,"Bell 260B-3/L, MD500D/ER,  MD520N, KA-226A",335.565,0.3698326518078144,,7.9,1 + FT,,4 + 1C,2.0,,2.0,0.9855199999999998,0.5892799999999999,78.471416
10,Allison,250-C20R/3,BO108 (not produced/see EC135),335.565,0.3698326518078144,,7.9,1 + FT,,4 + 1C,2.0,,2.0,0.9855199999999998,0.5892799999999999,78.471416
11,Allison,250-C20R/4,Bell 206B-3/L,335.565,0.3698326518078144,,7.9,1 + FT,,4 + 1C,2.0,,2.0,0.9855199999999998,0.5892799999999999,78.471416
12,Allison,250-C20R/9,,335.565,0.3698326518078144,,7.9,1 + FT,,4 + 1C,2.0,,2.0,0.9855199999999998,0.5892799999999999,78.471416
13,Allison,250-C28B,"Bell 206L-1, AB206L",372.85,0.3686160970321308,4.0,8.4,1 + FT,,1C,2.0,,2.0,1.20142,0.63754,104.32616
14,Allison,250-C28C,BO105LS/LS-A1/LS-A3,372.85,0.3686160970321308,4.0,8.4,1 + FT,,1C,2.0,,2.0,1.20142,0.63754,104.32616
15,Allison,250-C30,"MD530, FT600, S-76A",484.70500000000004,0.36010021360234556,6.0,8.4,1 + FT,,1C,2.0,,2.0,1.0413999999999999,0.63754,108.86207999999999
16,Allison,250-C30G,Bell 222,484.70500000000004,0.36010021360234556,6.0,8.6,1 + FT,,1C,2.0,,2.0,1.09728,0.6476999999999999,117.026736
17,Allison,250-C30G/2,Bell 230,484.70500000000004,0.36010021360234556,6.0,8.6,1 + FT,,1C,2.0,,2.0,1.09728,0.6476999999999999,117.026736
18,Allison,250-C30M,AS350D,484.70500000000004,0.36010021360234556,6.0,8.6,1 + FT,,1C,2.0,,2.0,1.09728,0.6476999999999999,117.026736
19,Allison,250-C30P,Bell 206L-3/L-4,484.70500000000004,0.36010021360234556,6.0,8.6,1 + FT,,1C,2.0,,2.0,1.09728,0.6476999999999999,117.026736
20,Allison,250-C30S,S-76A-2,484.70500000000004,0.36010021360234556,6.0,8.6,1 + FT,,1C,2.0,,2.0,1.09728,0.6476999999999999,117.026736
21,Allison,250-C40B,Bell 430,533.1755,0.346718111069826,,9.2,1 + FT,,1C,2.0,,2.0,1.0413999999999999,0.63754,127.00576
22,Allison (Rolls-Royce),250-C47B,Bell 407,484.70500000000004,0.35280088494824396,6.0,9.2,1 + FT,,1C,2.0,,2.0,1.0413999999999999,0.63754,124.28420799999999
23,Allison (Rolls-Royce),250-C47M,MD600N,484.70500000000004,0.35280088494824396,6.0,9.2,1 + FT,,1C,2.0,,2.0,1.0413999999999999,0.63754,124.28420799999999
24,Allison,501-D22A,Lockheed L-100-20/-30,3422.763,0.316304241677736,33.0,9.6,1,,14,4.0,,,3.7083999999999997,1.13284,831.887728
25,Allison (Rolls-Royce),AE 2100A,Saab 2000,3096.1464,0.279807598407228,,17.0,1 + FT,,14,2.0,,2.0,2.9972,0.72898,744.344472
26,Avco Lycoming,LTC 4B-8D,Bell 214A,1677.825,0.383214754340334,,6.0,1 + FT,,7 + 1C,2.0,,2.0,1.1176,0.6095999999999999,274.42316
27,Avco Lycoming,LTP 101-600A-1A,"Cessna/Riley 421, Turbo Thrush, Ag-Cat, AT-302/-302A, Do  28D-5X",458.6055,0.3309028989859392,,8.5,1 + FT,,1 + 1C,1.0,,1.0,0.9499599999999999,0.5334,147.4174
28,Avco Lycoming,LTP 101-700A-1A,"Cessna/Riley 421, Turbo Thrush, Ag-Cat, Piaggio P166",521.99,0.3309028989859392,,8.6,1 + FT,,1 + 1C,1.0,,1.0,0.9499599999999999,0.5334,151.95332
29,Avco Lycoming,LTS 101-600A-2,AS350C/D/D1,458.6055,0.3473263884576678,5.0,8.5,1 + FT,,1 + 1C,1.0,,1.0,0.7848599999999999,0.5689599999999999,114.758776
30,Avco Lycoming,LTS 101-600A-3,AS350C/D/D1,458.6055,0.3540174397239276,,8.4,1 + FT,,1 + 1C,1.0,,1.0,0.8000999999999999,0.5689599999999999,120.20188
31,Avco Lycoming,LTS 101-650B-1,BK117A1/A3/A4,484.70500000000004,0.35097605278471855,,8.4,1 + FT,,1 + 1C,1.0,,1.0,0.78994,0.64516,123.83061599999999
32,Avco Lycoming,LTS 101-650C-2,Bell 222,503.3475,0.3479346658455095,,,1 + FT,,1 + 1C,1.0,,1.0,0.79502,0.57404,109.31567199999999
33,Avco Lycoming,LTS 101-650C-3,Bell 222,503.3475,0.3479346658455095,,8.4,1 + FT,,1 + 1C,1.0,,1.0,0.79502,0.57404,109.31567199999999
34,Avco Lycoming,LTS 101-650C-3A,Bell 222,503.3475,0.3479346658455095,,8.4,1 + FT,,1 + 1C,1.0,,1.0,0.79502,0.57404,109.31567199999999
35,Avco Lycoming,LTS 101-750B-1,BK117B/B1/B2,542.1239,0.35097605278471855,,8.4,1 + FT,,1 + 1C,1.0,,1.0,0.79502,0.64516,122.923432
36,Avco Lycoming,LTS 101-750B-2,AS366,553.3094,0.346718111069826,,8.8,1 + FT,,1 + 1C,1.0,,1.0,0.8229599999999999,0.6273799999999999,121.562656
37,Avco Lycoming,LTS 101-750C-1,Bell 222B/UT,548.0895,0.35097605278471855,,8.8,1 + FT,,1 + 1C,1.0,,1.0,0.79502,0.57404,110.676448
38,Avco Lycoming,T5311A,"Bell 204B, AB204A",820.27,0.413628623732424,11.0,6.1,1 + FT,,5 + 1C,1.0,,2.0,1.20904,0.5841999999999999,224.981632
39,Avco Lycoming,T5313B,"Bell 204B-2, Bell 205A1",1043.98,0.35280088494824396,13.0,7.4,1 + FT,,5 + 1C,2.0,,2.0,1.20904,0.5841999999999999,246.754048
40,Avco Lycoming,T5317A,"Bell 205A1, Kaman K-Max",1118.55,0.35888365882666196,12.0,8.0,1 + FT,,5 + 1C,2.0,,2.0,1.20904,0.5841999999999999,255.825888
41,Avco Lycoming,T5508D,Bell 214B/B-1/C,2184.9010000000003,0.36010021360234556,,,1 + FT,,7 + 1C,2.0,,2.0,1.1176,0.6095999999999999,274.42316
42,Avco Lycoming (Textron Lycoming),T55-L-714A,Boeing 414-100 Super D,3629.3219000000004,0.3041386939209,,9.3,1 + FT,,7 + 1C,2.0,,2.0,1.2319,0.72898,377.388544
43,Baranov (OMSK),TVD-20-03,"An-38-200, T-101V",1029.066,0.3077883582479508,,,1 + FT,,7 + 1C,2.0,,2.0,1.77038,0.8509,284.855776
44,Garrett,TPE331-1-100F,Porter,525.7185000000001,0.3473263884576678,,,1,,2C,3.0,,,1.0922,0.6604,152.406912
45,Garrett,TPE331-1-101,"Interceptor 400, PC-6/C1 Turbo-Porter",525.7185000000001,0.3473263884576678,,,1,,2C,3.0,,,1.0922,0.6604,152.406912
46,Garrett,TPE331-1-101B,Turbo 18 (Turboliner),525.7185000000001,0.3473263884576678,,,1,,2C,3.0,,,1.0922,0.6604,152.406912
47,Garrett,TPE331-1-101E,Jetliner 600,525.7185000000001,0.3473263884576678,,,1,,2C,3.0,,,1.0922,0.6604,152.406912
48,Garrett,TPE331-1-101F,"PC-6/C2-H2 Turbo-Porter, Peacemaker",525.7185000000001,0.3473263884576678,,,1,,2C,3.0,,,1.0922,0.6604,152.406912
49,Garrett,TPE331-1-101Z,S2R Turbo Thrush,525.7185000000001,0.3473263884576678,,,1,,2C,3.0,,,1.0922,0.6604,152.406912
50,Garrett,TPE331-1-151A,MU-2DP/F/G,525.7185000000001,0.3473263884576678,,8.3,1,,2C,3.0,,,1.0922,0.6604,152.406912
51,Garrett,TPE331-1-151G,Merlin IIB,525.7185000000001,0.3473263884576678,,8.3,1,,2C,3.0,,,1.0922,0.6604,152.406912
52,Garrett,TPE331-1-151K,Turbo Commander,525.7185000000001,0.3473263884576678,,8.3,1,,2C,3.0,,,1.0922,0.6604,152.406912
53,Garrett,TPE331-1-151Z,G164B,525.7185000000001,0.3473263884576678,,8.3,1,,2C,3.0,,,1.0922,0.6604,152.406912
54,Garrett,TPE331-2-201C,C-212,533.1755,0.3382022276400408,,8.3,1,,2C,3.0,,,1.0922,0.6604,152.406912
55,Garrett,TPE331-2-251A,Skyvan III,533.1755,0.3382022276400408,,8.3,1,,2C,3.0,,,1.0922,0.6604,152.406912
56,Garrett,TPE331-3-301,,626.388,0.3333360085373064,,10.3,1,,2C,3.0,,,1.0922,0.6604,161.02516
57,Garrett,TPE331-3-303,,626.388,0.3333360085373064,,10.3,1,,2C,3.0,,,1.0922,0.6604,161.02516
58,Garrett,TPE331-3A-301W,Jetstream 3M (not produced),626.388,0.3333360085373064,,10.3,1,,2C,3.0,,,1.0922,0.6604,161.02516
59,Garrett,TPE331-3U-303G,"Merlin III/IIIA/IV/IVA, Metro",674.1128,0.3333360085373064,,10.3,1,,2C,3.0,,,1.0922,0.6604,161.02516
60,Garrett,TPE331-3U-303N,S55T,674.1128,0.3333360085373064,,10.3,1,,2C,3.0,,,1.0922,0.6604,161.02516
61,Garrett,TPE331-3U-303V,Jetstream 3,674.1128,0.3333360085373064,,10.3,1,,2C,3.0,,,1.0922,0.6604,161.02516
62,Garrett,TPE331-3U-304G,"Merlin III/IIIA/IV/IVA, Metro I/II/IIA",674.1128,0.3333360085373064,,10.3,1,,2C,3.0,,,1.0922,0.6604,161.02516
63,Garrett,TPE331-3UW-304G,Metro II/IIA,674.1128,0.3333360085373064,,10.3,1,,2C,3.0,,,1.0922,0.6604,161.02516
64,Garrett,TPE331-5-251C,C-211-100,626.388,0.35097605278471855,,10.3,1,,2C,3.0,,,1.0922,0.6604,161.02516
65,Garrett,TPE331-5-251K,Turbo Commander 690/690A/680B,626.388,0.35097605278471855,,10.3,1,,2C,3.0,,,1.0922,0.6604,161.02516
66,Garrett,TPE331-5-252C,C-212-100,626.388,0.35097605278471855,,10.3,1,,2C,3.0,,,1.0922,0.6604,161.02516
67,Garrett,TPE331-5-252D,Do 228-101/-201/-202/-202K,626.388,0.35097605278471855,,10.3,1,,2C,3.0,,,1.0922,0.6604,161.02516
68,Garrett,TPE331-5-252K,Turbo Commander 690A/690B,626.388,0.35097605278471855,,10.3,1,,2C,3.0,,,1.0922,0.6604,161.02516
69,Garrett,TPE331-5-252M,MU-2N/P,626.388,0.35097605278471855,,10.3,1,,2C,3.0,,,1.0922,0.6604,161.02516
70,Garrett,TPE331-5-254K,Jetprop Commander 690C/690D,626.388,0.35097605278471855,,10.3,1,,2C,3.0,,,1.0922,0.6604,161.02516
71,Garrett,TPE331-5-255K,"Turbo Commander 690/690A/690B, Jetprop Commander 690C/690D",626.388,0.35097605278471855,,10.3,1,,2C,3.0,,,1.0922,0.6604,161.02516
72,Garrett,TPE331-6-251M,MU-2J/K/L/M,602.5256,0.35097605278471855,,10.3,1,,2C,3.0,,,1.0922,0.6604,161.02516
73,Garrett,TPE331-6-252B,King Air B100,602.5256,0.35097605278471855,,10.3,1,,2C,3.0,,,1.0922,0.6604,161.02516
74,Garrett,TPE331-6-252L,Merlin IIB,602.5256,0.35097605278471855,,10.3,1,,2C,3.0,,,1.0922,0.6604,161.02516
75,Garrett,TPE331-6-252M,"MU-2J/K/L/M, FU24-950/954, FU24A-950/954",602.5256,0.35097605278471855,,10.3,1,,2C,3.0,,,1.0922,0.6604,161.02516
76,Garrett,TPE331-6-252T,Skyvan,602.5256,0.35097605278471855,,10.3,1,,2C,3.0,,,1.0922,0.6604,161.02516
77,Garrett,TPE331-6-253B,King Air B100,602.5256,0.35097605278471855,,10.3,1,,2C,3.0,,,1.0922,0.6604,161.02516
78,Garrett,TPE331-6A-251M,MU-2J/K/L/M,602.5256,0.35097605278471855,,10.3,1,,2C,3.0,,,1.0922,0.6604,161.02516
79,Garrett,TPE331-6A-252M,MU-2J/K/L/M,602.5256,0.35097605278471855,,10.3,1,,2C,3.0,,,1.0922,0.6604,161.02516
80,Garrett,TPE331-10A,,733.7688,0.33455256331299,,10.8,1,,2C,3.0,,,1.1683999999999999,0.6604,172.36496
81,Garrett,TPE331-10AV-511B,King Air B100,733.7688,0.33455256331299,,10.8,1,,2C,3.0,,,1.1683999999999999,0.6604,172.36496
82,Garrett,TPE331-10AV-511KA,Kilo Alpha 290,733.7688,0.33455256331299,,10.8,1,,2C,3.0,,,1.1683999999999999,0.6604,172.36496
83,Garrett,TPE331-10AV-511M,"MU-2J/K/L/M, FU24-950/954, FU24A-950/954",733.7688,0.33455256331299,,10.8,1,,2C,3.0,,,1.1683999999999999,0.6604,172.36496
84,Garrett,TPE331-10G-511D,Do 228-???,733.7688,0.33455256331299,,10.8,1,,2C,3.0,,,1.1683999999999999,0.6604,172.36496
85,Garrett,TPE331-10GP-511D,Do 228-???,733.7688,0.33455256331299,,10.8,1,,2C,3.0,,,1.1683999999999999,0.6604,172.36496
86,Garrett,TPE331-10GT-511D,Do 228-???,733.7688,0.33455256331299,,10.8,1,,2C,3.0,,,1.1683999999999999,0.6604,172.36496
87,Garrett,TPE331-10N-511S,Conquest II,733.7688,0.33455256331299,,10.8,1,,2C,3.0,,,1.1683999999999999,0.6604,172.36496
88,Garrett,TPE331-10N-512S,,733.7688,0.33455256331299,,10.8,1,,2C,3.0,,,1.1683999999999999,0.6604,172.36496
89,Garrett,TPE331-10N-513S,,733.7688,0.33455256331299,,10.8,1,,2C,3.0,,,1.1683999999999999,0.6604,172.36496
90,Garrett,TPE331-10N-514S,,733.7688,0.33455256331299,,10.8,1,,2C,3.0,,,1.1683999999999999,0.6604,172.36496
91,Garrett,TPE331-10N-515S,,733.7688,0.33455256331299,,10.8,1,,2C,3.0,,,1.1683999999999999,0.6604,172.36496
92,Garrett,TPE331-10N-531S,Conquest II,733.7688,0.33455256331299,,10.8,1,,2C,3.0,,,1.1683999999999999,0.6604,172.36496
93,Garrett,TPE331-10N-532S,,733.7688,0.33455256331299,,10.8,1,,2C,3.0,,,1.1683999999999999,0.6604,172.36496
94,Garrett,TPE331-10N-533S,,733.7688,0.33455256331299,,10.8,1,,2C,3.0,,,1.1683999999999999,0.6604,172.36496
95,Garrett,TPE331-10N-534S,,733.7688,0.33455256331299,,10.8,1,,2C,3.0,,,1.1683999999999999,0.6604,172.36496
96,Garrett,TPE331-10N-535S,,733.7688,0.33455256331299,,10.8,1,,2C,3.0,,,1.1683999999999999,0.6604,172.36496
97,Garrett,TPE331-10P-511D,Do 228-???,733.7688,0.33455256331299,,10.8,1,,2C,3.0,,,1.1683999999999999,0.6604,172.36496
98,Garrett,TPE331-10R-501C,,733.7688,0.33455256331299,,10.8,1,,2C,3.0,,,1.1683999999999999,0.6604,172.36496
99,Garrett,TPE331-10R-502C,,733.7688,0.33455256331299,,10.8,1,,2C,3.0,,,1.1683999999999999,0.6604,172.36496
100,Garrett,TPE331-10R-511C,C-212-200,733.7688,0.33455256331299,,10.8,1,,2C,3.0,,,1.1683999999999999,0.6604,172.36496
101,Garrett,TPE331-10R-512C,C-212-200,733.7688,0.33455256331299,,10.8,1,,2C,3.0,,,1.1683999999999999,0.6604,172.36496
102,Garrett,TPE331-10R-513C,C-212-300,733.7688,0.33455256331299,,10.8,1,,2C,3.0,,,1.1683999999999999,0.6604,172.36496
103,Garrett,TPE331-10T-511D,Do 228-202K,733.7688,0.33455256331299,,10.8,1,,2C,3.0,,,1.1683999999999999,0.6604,172.36496
104,Garrett,TPE331-10T-511K,"Turbo Commander 690A/690B, Commander 840/900",733.7688,0.33455256331299,,10.8,1,,2C,3.0,,,1.1683999999999999,0.6604,172.36496
105,Garrett,TPE331-10T-511M,MU-2N/P,733.7688,0.33455256331299,,10.8,1,,2C,3.0,,,1.1683999999999999,0.6604,172.36496
106,Garrett,TPE331-10T-512K,,733.7688,0.33455256331299,,10.8,1,,2C,3.0,,,1.1683999999999999,0.6604,172.36496
107,Garrett,TPE331-10T-513K,,733.7688,0.33455256331299,,10.8,1,,2C,3.0,,,1.1683999999999999,0.6604,172.36496
108,Garrett,TPE331-10T-515K,,733.7688,0.33455256331299,,10.8,1,,2C,3.0,,,1.1683999999999999,0.6604,172.36496
109,Garrett,TPE331-10T-516K,"Turbo Commander 690A/690B, Commander 840/900",733.7688,0.33455256331299,,10.8,1,,2C,3.0,,,1.1683999999999999,0.6604,172.36496
110,Garrett,TPE331-10T-517K,,733.7688,0.33455256331299,,10.8,1,,2C,3.0,,,1.1683999999999999,0.6604,172.36496
111,Garrett,TPE331-10U-501G,Merlin IIIB,733.7688,0.33455256331299,,10.8,1,,2C,3.0,,,1.1683999999999999,0.6604,172.36496
112,Garrett,TPE331-10U-502G,,733.7688,0.33455256331299,,10.8,1,,2C,3.0,,,1.1683999999999999,0.6604,172.36496
113,Garrett,TPE331-10U-503G,Merlin 300 (IIIC),733.7688,0.33455256331299,,10.8,1,,2C,3.0,,,1.1683999999999999,0.6604,172.36496
114,Garrett,TPE331-10U-511G,Merlin IIIB,733.7688,0.33455256331299,,10.8,1,,2C,3.0,,,1.1683999999999999,0.6604,172.36496
115,Garrett,TPE331-10U-512G,,733.7688,0.33455256331299,,10.8,1,,2C,3.0,,,1.1683999999999999,0.6604,172.36496
116,Garrett,TPE331-10U-513G,Merlin 300 (IIIC),733.7688,0.33455256331299,,10.8,1,,2C,3.0,,,1.1683999999999999,0.6604,172.36496
117,Garrett,TPE331-10UA-511G,Metro II/IIA,733.7688,0.33455256331299,,10.8,1,,2C,3.0,,,1.1683999999999999,0.6604,172.36496
118,Garrett,TPE331-10UA-511G,Metro II/IIA,733.7688,0.33455256331299,,10.8,1,,2C,3.0,,,1.1683999999999999,0.6604,172.36496
119,Garrett,TPE331-10UF-501H,,733.7688,0.33455256331299,,10.8,1,,2C,3.0,,,1.1683999999999999,0.6604,172.36496
120,Garrett,TPE331-10UF-511H,Jetstream 3108,733.7688,0.33455256331299,,10.8,1,,2C,3.0,,,1.1683999999999999,0.6604,172.36496
121,Garrett,TPE331-10UF-512H,,733.7688,0.33455256331299,,10.8,1,,2C,3.0,,,1.1683999999999999,0.6604,172.36496
122,Garrett,TPE331-10UF-513H,Jetstream 3101/3103/3107,733.7688,0.33455256331299,,10.8,1,,2C,3.0,,,1.1683999999999999,0.6604,172.36496
123,Garrett,TPE331-10UF-514H,,733.7688,0.33455256331299,,10.8,1,,2C,3.0,,,1.1683999999999999,0.6604,172.36496
124,Garrett,TPE331-10UF-515H,Jetstream 3101,733.7688,0.33455256331299,,10.8,1,,2C,3.0,,,1.1683999999999999,0.6604,172.36496
125,Garrett,TPE331-10UF-516H,,733.7688,0.33455256331299,,10.8,1,,2C,3.0,,,1.1683999999999999,0.6604,172.36496
126,Garrett,TPE331-10UG-513H,Jetstream 3101/3102/3108,733.7688,0.33455256331299,,10.8,1,,2C,3.0,,,1.1683999999999999,0.6604,172.36496
127,Garrett,TPE331-10UG-514H,Jetstream 3101/3102,733.7688,0.33455256331299,,10.8,1,,2C,3.0,,,1.1683999999999999,0.6604,172.36496
128,Garrett,TPE331-10UG-515H,,733.7688,0.33455256331299,,10.8,1,,2C,3.0,,,1.1683999999999999,0.6604,172.36496
129,Garrett,TPE331-10UG-516H,,733.7688,0.33455256331299,,10.8,1,,2C,3.0,,,1.1683999999999999,0.6604,172.36496
130,Garrett,TPE331-10UGR-513H,Jetstream 3101/3102,733.7688,0.33455256331299,,10.8,1,,2C,3.0,,,1.1683999999999999,0.6604,172.36496
131,Garrett,TPE331-10UGR-514H,Jetstream 3101/3102/3109,733.7688,0.33455256331299,,10.8,1,,2C,3.0,,,1.1683999999999999,0.6604,172.36496
132,Garrett,TPE331-10UGR-515H,Jetstream 3112,733.7688,0.33455256331299,,10.8,1,,2C,3.0,,,1.1683999999999999,0.6604,172.36496
133,Garrett,TPE331-10UGR-516H,Jetstream 3112,733.7688,0.33455256331299,,10.8,1,,2C,3.0,,,1.1683999999999999,0.6604,172.36496
134,Garrett,TPE331-10UK,,779.2565000000001,0.33455256331299,,10.8,1,,2C,3.0,,,1.1683999999999999,0.6604,172.36496
135,Garrett,TPE331-10UR-513H,Jetstream 3101/3102/3103/3112,733.7688,0.33455256331299,,10.8,1,,2C,3.0,,,1.1683999999999999,0.6604,172.36496
136,Garrett,TPE331-11U-601G,"Metro III, Metro 23-11",745.7,0.322387015556154,,10.8,1,,2C,3.0,,,1.1683999999999999,0.6604,181.4368
137,Garrett,TPE331-11U-602G,,745.7,0.322387015556154,,10.8,1,,2C,3.0,,,1.1683999999999999,0.6604,181.4368
138,Garrett,TPE331-11U-611G,"Metro III, Metro 23-11",745.7,0.322387015556154,,10.8,1,,2C,3.0,,,1.1683999999999999,0.6604,181.4368
139,Garrett,TPE331-11U-612G,"Metro III, Metro 23-11",745.7,0.322387015556154,,10.8,1,,2C,3.0,,,1.1683999999999999,0.6604,181.4368
140,Garrett,TPE331-12,,858.3007,0.3175207964534196,,10.8,1,,2C,3.0,,,1.1683999999999999,0.6604,181.4368
141,Garrett,TPE331-12JR-701C,C-212-400,858.3007,0.3175207964534196,,10.8,1,,2C,3.0,,,1.1683999999999999,0.6604,181.4368
142,Garrett,TPE331-12JR-701S,Caravan,858.3007,0.3175207964534196,,10.8,1,,2C,3.0,,,1.1683999999999999,0.6604,181.4368
143,Garrett,TPE331-12U-701G,"Metro 23-12, Merlin 5/6 (not produced)",858.3007,0.3175207964534196,,10.8,1,,2C,3.0,,,1.1683999999999999,0.6604,181.4368
144,Garrett,TPE331-12UA-701G,Metro 23-12,858.3007,0.3175207964534196,,10.8,1,,2C,3.0,,,1.1683999999999999,0.6604,181.4368
145,Garrett,TPE331-12UA-701H,Jetstream 3201/3201EP/3206,858.3007,0.3175207964534196,,10.8,1,,2C,3.0,,,1.1683999999999999,0.6604,181.4368
146,Garrett,TPE331-12UAR-701G,"Metro V, Metro 23-12",858.3007,0.3175207964534196,,10.8,1,,2C,3.0,,,1.1683999999999999,0.6604,181.4368
147,Garrett,TPE331-12UH-701G,Metro 23-12,858.3007,0.3175207964534196,,10.8,1,,2C,3.0,,,1.1683999999999999,0.6604,181.4368
148,Garrett,TPE331-12UHR-701G,Metro 23-12,858.3007,0.3175207964534196,,10.8,1,,2C,3.0,,,1.1683999999999999,0.6604,181.4368
149,Garrett,TPE331-12UHR-701H,Jetstream 3201/3217,858.3007,0.3175207964534196,,10.8,1,,2C,3.0,,,1.1683999999999999,0.6604,181.4368
150,Garrett (Allied-Signal),TPE331-14B,Cheyenne 400,978.3584000000001,0.313262854738527,,11.0,1,,2C,3.0,,,1.3461999999999998,0.8128,281.22704
151,Garrett (Allied-Signal),TPE331-14GR-801H,Jetstream 4102,1284.8411,0.310221467799318,,11.4,1,,2C,3.0,,,1.3461999999999998,0.8128,281.22704
152,Garrett (Allied-Signal),TPE331-14GR-802H,,1284.8411,0.310221467799318,,11.4,1,,2C,3.0,,,1.3461999999999998,0.8128,281.22704
153,Garrett (Allied-Signal),TPE331-14GR-805H,Jetstream 4101,1284.8411,0.310221467799318,,11.4,1,,2C,3.0,,,1.3461999999999998,0.8128,281.22704
154,Garrett (Allied-Signal),TPE331-14HR-801H,Jetstream 4102,1284.8411,0.310221467799318,,11.4,1,,2C,3.0,,,1.3461999999999998,0.8128,281.22704
155,Garrett (Allied-Signal),TPE331-14HR-802H,,1284.8411,0.310221467799318,,11.4,1,,2C,3.0,,,1.3461999999999998,0.8128,281.22704
156,Garrett (Allied-Signal),TPE331-14HR-805H,Jetstream 4101,1284.8411,0.310221467799318,,11.4,1,,2C,3.0,,,1.3461999999999998,0.8128,281.22704
157,Garrett,TPE331-25D,PC-6/C Turbo-Porter,428.77750000000003,0.404504462914797,,8.2,1,,2C,3.0,,,1.1683999999999999,0.6604,151.95332
158,Garrett,TPE331-25/61,"MU-2A/2E1/25D, Heliporter 43,  Hawk Commander 47, Volpar Super Turbo 18",428.77750000000003,0.404504462914797,,8.2,1,,2C,3.0,,,1.1683999999999999,0.6604,151.95332
159,GE,CT7-2A,"Bell 214ST, EH101 prototypes",1211.7625,0.28771520444917137,,,1 + FT,,5 + 1C,2.0,,2.0,1.1938,0.6604,200.487664
160,GE,CT7-2D,S-70,1211.7625,0.28771520444917137,,,1 + FT,,5 + 1C,2.0,,2.0,1.1938,0.6604,200.487664
161,GE,CT7-2D1,S-70,1211.7625,0.28771520444917137,,,1 + FT,,5 + 1C,2.0,,2.0,1.1938,0.6604,211.373872
162,GE,CT7-6,EH101 Mk.300/Mk.500,1491.4,0.28589037228564596,,,1 + FT,,5 + 1C,2.0,,2.0,1.22428,0.6604,223.620856
163,GE,CT7-7A,CN-235,1267.69,0.2883234818370132,,14.0,1 + FT,,5 + 1C,2.0,,2.0,2.4383999999999997,0.7365999999999999,355.162536
164,GE,CT58-GE-110-1,"S-62B/C, HH-52A, V107/II",1043.98,0.377131980461916,14.0,8.4,2,,10,2.0,,2.0,0.5257799999999999,1.6078199999999998,199.58048
165,IHI,CT58-IHI-110-1,KV107/II-2/II-7,1043.98,0.377131980461916,14.0,8.4,2,,10,2.0,,2.0,0.5257799999999999,1.6078199999999998,199.58048
166,Isotov (Klimov),GTD-350,Mi-2/-2B/-2R,293.80580000000003,0.510953005787112,5.0,6.1,1 + FT,,7 + 1C,1.0,,2.0,1.3817599999999999,0.62992,139.252744
167,Ivchenko,AI-20M,"Il-18D/E, Il-38, An-32",2908.23,0.267642050650392,46.0,7.6,1,,10,3.0,,,3.09626,1.1811,1040.086456
168,LHTEC,CTP800-4T,Ayres LM200,2013.39,0.28589037228564596,,14.1,1 + FT,,2C,2.0,,2.0,1.7526,1.27,517.09488
169,LHTEC,CTS800-2,A129 (test aircraft),1014.152,0.27250826975312636,,14.1,1 + FT,,2C,2.0,,2.0,0.8000999999999999,0.68072,149.68536
170,Mitsubishi,CT63-M-5A,HS-369,236.3869,0.39538030209717,,6.2,2,,6 + 1C,2.0,,2.0,1.0413999999999999,0.4826,63.049288
171,Mitsubishi,MG5-110,MH-2000,653.2332,0.164234894717286,,11.0,1,,1,2.0,,,1.19888,0.7365999999999999,154.22128
172,Pratt Whitney,JTFTD12A-1,S-64A,3020.085,0.42275278455005094,,,1 + FT,,9,2.0,,2.0,,0.8635999999999999,400.068144
173,Pratt Whitney,JTFTD12A-4A,S-64E,3355.65,0.4197113976108419,,,1 + FT,,9,2.0,,2.0,,0.8635999999999999,417.30464
174,Pratt Whitney,JTFTD12A-5A,S-64F,3579.36,0.41849484283515836,,,1 + FT,,9,2.0,,2.0,,0.8635999999999999,424.10852
175,Pratt Whitney Canada,PT6A-11,"Cheyenne I/IA, T-1040",372.85,0.3935554699336446,,,1 + FT,,3 + 1C,2.0,,1.0,1.5748,0.4826,148.778176
176,Pratt Whitney Canada,PT6A-11AG,"Turbo-Thrush S2R-T11, Ag-Cat, 620 TP",372.85,0.3935554699336446,,,1 + FT,,3 + 1C,2.0,,1.0,1.5748,0.4826,149.68536
177,Pratt Whitney Canada,PT6A-15AG,"Turbo-Thrush S2R-T15, Turbo-Cat, Ag-Cat D, AT-400/-402/-502",507.076,0.36618298748076356,,,1 + FT,,3 + 1C,2.0,,1.0,1.5748,0.4826,148.778176
178,Pratt Whitney Canada,PT6A-21,King Air C90B,410.135,0.383214754340334,,,1 + FT,,3 + 1C,2.0,,1.0,1.5748,0.4826,148.778176
179,Pratt Whitney Canada,PT6A-25A,"PC-7, Firecracker",410.135,0.383214754340334,,,1 + FT,,3 + 1C,2.0,,1.0,1.5748,0.4826,155.582056
180,Pratt Whitney Canada,PT6A-25C,PC-7 Mk.II,559.275,0.361925045765871,,,1 + FT,,3 + 1C,2.0,,1.0,1.5748,0.4826,151.95332
181,Pratt Whitney Canada,PT6A-27,"DHC-6 Twin Otter 300/320,  Westwind II/III, Airliner A99, L-410A/F, EMB-110, Y-12 II, PC-6/B2",462.334,0.36618298748076356,7.0,6.7,1 + FT,,3 + 1C,2.0,,1.0,1.5748,0.4826,148.778176
182,Pratt Whitney Canada,PT6A-28,"King Air E90/A100, Cheyenne II, EMB-121A Xingu I",507.076,0.36618298748076356,,,1 + FT,,3 + 1C,2.0,,1.0,1.5748,0.4826,148.778176
183,Pratt Whitney Canada,PT6A-34,"Commuter C99, 101/101B/102 Avara, ST-28, EMB-110K1/P1/P2",559.275,0.361925045765871,,,1 + FT,,3 + 1C,2.0,,1.0,1.5748,0.4826,150.138952
184,Pratt Whitney Canada,PT6A-34AG,"Ag-Cat, AT-402/502/503A, Fieldmaster, Turbo-Thrush S2R-T34",559.275,0.361925045765871,,,1 + FT,,3 + 1C,2.0,,1.0,1.5748,0.4826,150.138952
185,Pratt Whitney Canada,PT6A-36,Commuter C99,559.275,0.35888365882666196,,,1 + FT,,3 + 1C,2.0,,1.0,1.5748,0.4826,150.138952
186,Pratt Whitney Canada,PT6A-41,"King Air 200, Cheyenne III",633.845,0.35949193621450376,,,1 + FT,,3 + 1C,2.0,,2.0,1.7018,0.4826,182.797576
187,Pratt Whitney Canada,PT6A-42,"King Air B200, EMB-121V Xingu III",633.845,0.36557471009292175,,,1 + FT,,3 + 1C,2.0,,2.0,1.7018,0.4826,182.797576
188,Pratt Whitney Canada,PT6A-45A,"Shorts 330, Mowhawk 298",633.845,0.3369856728643572,,,1 + FT,,3 + 1C,2.0,,2.0,1.8288,0.4826,196.858928
189,Pratt Whitney Canada,PT6A-45B,"Shorts 330, Mowhawk 298",633.845,0.3369856728643572,,,1 + FT,,3 + 1C,2.0,,2.0,1.8288,0.4826,196.858928
190,Pratt Whitney Canada,PT6A-45R,"Shorts 330-200/360-100, Mowhawk 298",633.845,0.3363773954765154,,,1 + FT,,3 + 1C,2.0,,2.0,1.8288,0.4826,203.209216
191,Pratt Whitney Canada,PT6A-50,DHC-7 Dash 7 1/100/101/150/151,835.1840000000001,0.34063533719140804,,,1 + FT,,3 + 1C,2.0,,2.0,2.1336,0.4826,275.330344
192,Pratt Whitney Canada,PT6A-60A,"King Air 300, King Air 350",782.985,0.3333360085373064,,,1 + FT,,3 + 1C,2.0,,2.0,1.8288,0.4826,215.4562
193,Pratt Whitney Canada,PT6A-61,Cheyenne IIIA,633.845,0.35949193621450376,,,1 + FT,,3 + 1C,2.0,,2.0,1.7018,0.4826,194.590968
194,Pratt Whitney Canada,PT6A-62,Orlik,708.4150000000001,0.34489327890630056,,,1 + FT,,3 + 1C,2.0,,2.0,1.778,0.4826,205.930768
195,Pratt Whitney Canada,PT6A-64,TBM 700,521.99,0.4276190036527853,,,1 + FT,,3 + 1C,2.0,,2.0,,0.4826,206.837952
196,Pratt Whitney Canada,PT6A-65AG,"Turbo Thrush, AT-802/802A, Firemaster",969.4100000000001,0.30961319041147617,,,1 + FT,,4 + 1C,2.0,,2.0,1.905,0.4826,220.445712
197,Pratt Whitney Canada,PT6A-65AR,"Shorts 360-200, AMI DC-3",1061.8768,0.30961319041147617,,,1 + FT,,4 + 1C,2.0,,2.0,1.905,0.4826,220.445712
198,Pratt Whitney Canada,PT6A-65B,"Commuter 1900, PZL-M-18, Be-32",820.27,0.3260366798832048,10.0,10.0,1 + FT,,4 + 1C,2.0,,2.0,1.8796,0.4826,218.177752
199,Pratt Whitney Canada,PT6A-65R,"Shorts 360-200, AMI DC-3",1026.0832,0.3114380225750016,,,1 + FT,,4 + 1C,2.0,,2.0,1.905,0.4826,218.177752
200,Pratt Whitney Canada,PT6A-66,"Avanti, M-102",633.845,0.377131980461916,,,1 + FT,,4 + 1C,2.0,,2.0,1.778,0.4826,213.18824
201,Pratt Whitney Canada,PT6A-67,RC-12K/N/P/Q,820.27,0.33272773114946463,,,1 + FT,,4 + 1C,2.0,,2.0,1.9304,0.4826,229.517552
202,Pratt Whitney Canada,PT6A-67A,Starship 2000,894.84,0.3339442859251482,,,1 + FT,,4 + 1C,2.0,,2.0,,0.4826,229.517552
203,Pratt Whitney Canada,PT6A-67AF,Turbo Firecat,1061.8768,0.316304241677736,,,1 + FT,,4 + 1C,2.0,,2.0,,0.4826,241.310944
204,Pratt Whitney Canada,PT6A-67B,PC-12,894.84,0.3357691180886736,,,1 + FT,,4 + 1C,2.0,,2.0,,0.4826,233.59987999999998
205,Pratt Whitney Canada,PT6A-67D,1900D,909.754,0.322387015556154,,,1 + FT,,4 + 1C,2.0,,2.0,,0.4826,233.59987999999998
206,Pratt Whitney Canada,PT6A-67R,"Shorts 360-300, Basler Turbo BT-67",1061.8768,0.316304241677736,,,1 + FT,,4 + 1C,2.0,,2.0,1.9304,0.4826,233.59987999999998
207,Pratt Whitney Canada,PT6A-112,"Conquest I, Corsair I, F406 Caravan II",372.85,0.3874726960552266,,,1 + FT,,3 + 1C,2.0,,1.0,1.5748,0.4826,151.499728
208,Pratt Whitney Canada,PT6A-114,Caravan I/IA,447.42,0.38929752821875196,,,1 + FT,,3 + 1C,2.0,,1.0,1.5748,0.4826,158.7572
209,Pratt Whitney Canada,PT6A-135,"King Air F90, EMB-121A1 Xingu II, Cheyenne IIXL, Comanchero  750",559.275,0.35584227188745293,,,1 + FT,,3 + 1C,2.0,,1.0,1.5748,0.4826,156.035648
210,Pratt Whitney Canada,PT6A-135A,"King Air F90-1, ST-50, Seastar",559.275,0.35584227188745293,,,1 + FT,,3 + 1C,2.0,,1.0,1.5748,0.4826,156.035648
211,Pratt Whitney Canada,PT6B-36,S-76B,731.5317,0.3613167683780292,,,1 + FT,,4 + 1C,2.0,,2.0,1.50368,0.49529999999999996,168.736224
212,Pratt Whitney Canada,PT6T-3B,Bell 212,961.9530000000001,0.3625333231537128,,,1 + FT,,4 + 1C,2.0,,2.0,1.7018,1.1176,299.37072
213,Pratt Whitney Canada,PT6T-3B-1,Bell 412/412SP,1342.26,0.3625333231537128,,,1 + FT,,4 + 1C,2.0,,2.0,1.7018,1.1176,299.37072
214,Pratt Whitney Canada,PT6T-3D,Bell 412EP,1342.26,0.36557471009292175,,,1 + FT,,4 + 1C,2.0,,2.0,1.7018,1.1176,312.97848
215,Pratt Whitney Canada,PT6T-6,"S-58T, AB212",1398.1875,0.36618298748076356,,,1 + FT,,4 + 1C,2.0,,2.0,1.7018,1.1176,299.37072
216,Pratt Whitney Canada,PW118,EMB-120/-120ER,1342.26,0.3029221391452164,,,2 + FT,1C,1C,1.0,1,2.0,2.0574,0.7874,390.542712
217,Pratt Whitney Canada,PW118A,EMB-120/-120ER,1342.26,0.3065718034722672,,,2 + FT,1C,1C,1.0,1,2.0,2.0574,0.7874,392.810672
218,Pratt Whitney Canada,PW119B,Do 328-100/-110,1625.626,0.298055920042482,,,2 + FT,1C,1C,1.0,1,2.0,2.0574,0.7874,415.490272
219,Pratt Whitney Canada,PW120,"ATR42, SA210TA",1491.4,0.29501453310327297,,,2 + FT,1C,1C,1.0,1,2.0,2.1336,0.7874,417.758232
220,Pratt Whitney Canada,PW120A,Dash 8-100/-100A,1491.4,0.29501453310327297,,,2 + FT,1C,1C,1.0,1,2.0,2.1336,0.7874,423.20133599999997
221,Pratt Whitney Canada,PW121,"Dash 8-100/-100A/-100B, ATR42",1603.255,0.2895400366126968,,,2 + FT,1C,1C,1.0,1,2.0,2.1336,0.7874,424.562112
222,Pratt Whitney Canada,PW123,Dash 8-300,1774.766,0.28589037228564596,,,2 + FT,1C,1C,1.0,1,2.0,2.1336,0.8382,449.963264
223,Pratt Whitney Canada,PW123AF,CL-215/415,1774.766,0.28589037228564596,,,2 + FT,1C,1C,1.0,1,2.0,2.1336,0.8382,449.963264
224,Pratt Whitney Canada,PW123B,Dash 8-300,1864.25,0.2816324305707534,,,2 + FT,1C,1C,1.0,1,2.0,2.1336,0.8382,449.963264
225,Pratt Whitney Canada,PW123C,Dash 8-200A/-Q300,1603.255,0.29379797832758936,,,2 + FT,1C,1C,1.0,1,2.0,2.1336,0.8382,480.80752
226,Pratt Whitney Canada,PW123D,Dash 8-200B/-Q300,1603.255,0.29379797832758936,,,2 + FT,1C,1C,1.0,1,2.0,2.1336,0.8382,480.80752
227,Pratt Whitney Canada,PW124B,ATR72,1774.766,0.2846738175099624,,13.9,2 + FT,1C,1C,1.0,1,2.0,2.1336,0.8382,480.80752
228,Pratt Whitney Canada,PW125B,Fokker 50-100,1774.766,0.2816324305707534,,,2 + FT,1C,1C,1.0,1,2.0,2.1336,0.8382,480.80752
229,Pratt Whitney Canada,PW126,BAe ATP,1978.3421,0.2816324305707534,,,2 + FT,1C,1C,1.0,1,2.0,2.1336,0.8382,480.80752
230,Pratt Whitney Canada,PW126A,BAe ATP,1985.0534,0.2804158757950698,,,2 + FT,1C,1C,1.0,1,2.0,2.1336,0.8382,480.80752
231,Pratt Whitney Canada,PW127B,Fokker 50-400,2050.675,0.2791993210193862,,,2 + FT,1C,1C,1.0,1,2.0,2.1336,0.8382,480.80752
232,Pratt Whitney Canada,PW127C,Y7-200A,2050.675,0.2791993210193862,,,2 + FT,1C,1C,1.0,1,2.0,2.1336,0.8382,480.80752
233,Pratt Whitney Canada,PW127F,ATR72-500,2050.675,0.2791993210193862,,,2 + FT,1C,1C,1.0,1,2.0,2.1336,0.8382,480.80752
234,PZL Rzeszów,TWD-10B,An-28,753.9027,0.346718111069826,10.0,7.4,1 + FT,,6 + 1A,2.0,,1.0,2.0599399999999997,0.89916,299.824312
235,PZL Rzeszów,TWD-10W,W-3 Sokol,662.1816,0.36496643270507995,10.0,7.4,1 + FT,,6 + 1A,2.0,,1.0,1.8745199999999997,0.76454,140.61352
236,Rolls-Royce,Gem 42-1 Mk.204,Westland 30 Series 100,846.3695,0.39538030209717,,,3,4,1C,1.0,1,2.0,1.09728,0.5969,183.251168
237,Rolls-Royce,Gem 60-3 Mk.530,Westland 30 Series 100-60,939.582,0.371049206583498,,,3,,,,,,,,184.611944
238,Rolls-Royce,Tyne RTy.12 Mk.515/10,CL-44D/D-4/J,3799.3415,0.237228181258302,47.0,13.5,2,6,9,1.0,,3.0,2.7685999999999997,1.09728,1006.5206479999999
239,Turbomeca,Arriel 1A,SA365C,477.99370000000005,0.34854294323335133,,9.0,1 + FT,,1 + 1C,2.0,,1.0,1.0896599999999999,0.5689599999999999,120.20188
240,Turbomeca,Arriel 1A1,SA365C1,477.99370000000005,0.34854294323335133,,9.0,1 + FT,,1 + 1C,2.0,,1.0,1.0896599999999999,0.5689599999999999,120.20188
241,Turbomeca,Arriel 1A2,SA365C2,477.99370000000005,0.34854294323335133,,9.0,1 + FT,,1 + 1C,2.0,,1.0,1.0896599999999999,0.5689599999999999,120.20188
242,Turbomeca,Arriel 1B,AS350B/BA,477.99370000000005,0.34854294323335133,,9.0,1 + FT,,1 + 1C,2.0,,1.0,1.0896599999999999,0.5689599999999999,120.20188
243,Turbomeca,Astazou III,,440.7087,0.3911223603822774,6.0,,1,,1 + 1C,3.0,,,1.4300199999999998,0.4572,146.963808
244,Turbomeca,Astazou III-2,,480.97650000000004,0.39538030209717,,,1,,1 + 1C,3.0,,,,,149.68536
245,Turbomeca,Astazou XIVB,SA319B,427.28610000000003,0.3795650900132832,,,1,,2 + 1C,3.0,,,1.4300199999999998,,166.014672
246,Turbomeca,Astazou XVIIIA,SA360C,440.7087,0.328469789434572,,,1,,2 + 1C,3.0,,,1.32588,0.6985,154.674872
247,Turbomeca,Makila 1A,AS332C/L,1310.1949,0.30170558436953276,,,1 + FT,,3 + 1C,2.0,,2.0,1.3944599999999998,0.51562,242.67172
248,Turbomeca,Makila 1A1,AS332C1/L1,1399.6789,0.29258142355190575,,,1 + FT,,3 + 1C,2.0,,2.0,1.3944599999999998,0.51562,242.67172
249,Turbomeca,TM 333-2B,Indian ALH,746.4457,0.3217787381683122,,,1 + FT,,2 + 1C,1.0,,1.0,1.04394,0.7111999999999999,156.48924
250,Walter,M 601 B,L-410MA/UVP,515.2787000000001,0.3990299664242208,7.0,6.4,1 + FT,,2 +1C,1.0,,1.0,1.6738600000000001,0.65024,193.230192
251,Walter,M 601 D,L-410UVP,539.8868,0.3978134116485372,8.0,6.6,1 + FT,,2 +1C,1.0,,1.0,1.6586199999999998,0.65024,193.230192
252,Walter,M 601 E,L-410UVP-E,560.0207,0.3947720247093282,8.0,6.7,1 + FT,,2 +1C,1.0,,1.0,1.6738600000000001,0.65024,200.034072
253,Walter,M 601 F,"L-420, M-101, Ae-270",580.1546000000001,0.3850395865038594,8.0,6.7,1 + FT,,2 +1C,1.0,,1.0,1.6738600000000001,0.65024,201.84844
254,Walter,M 601 T,PZL-130TM/TB,560.0207,0.3947720247093282,8.0,6.7,1 + FT,,2 +1C,1.0,,1.0,1.6738600000000001,0.65024,201.84844
255,Walter,M 601 Z,Z-137T,381.7984,0.4890550198248072,,,1 + FT,,2 +1C,1.0,,1.0,1.6738600000000001,0.65024,196.858928
256,Walter,M 602,L-610,1360.1568,0.34002705980356623,16.0,13.0,2 + FT,1C,1C,1.0,1,2.0,2.6695399999999996,0.8712199999999999,570.1651439999999
